"Cap waktu","Nama pengguna","Apakah jenis kelamin Anda?","Berapa usia Anda?","Apa profesi Anda?","Apakah Anda pengguna Smartphone?","Apakah Anda pernah membeli makanan dan minuman di kantin Informatika? ","Seberapa sering Anda makan di kantin informatika?","Berapa lama waktu yang dibutuhkan untuk sekali memesan makanan","Apakah Anda puas dengan alur pemesanan yang diterapkan?","Jika tidak, mengapa?","Apakah Anda puas dengan cara pembayaran yang diterapkan?","Jika tidak, mengapa?","Apakah Anda pernah mengalami antrian panjang saat membeli makanan/minuman di kantin informatika ?","Jika Ya, apakah anda terganggu dengan antrian tersebut?","Apakah anda sering menggunakan aplikasi pemesanan makanan online?","Mana pembayaran yang anda minati?","Pembayaran cashless mana saja yang Anda gunakan? ","Apakah Anda merasa terbantu jika ada aplikasi pemesanan online kantin informatika?","Jika tersedia aplikasi pemesanan online adakah fitur khusus yang Anda inginkan?","Saran Anda untuk pelayanan di kantin informatika"
"2020/04/05 9:38:00 AM GMT","","","","Mahasiswa","Ya","Ya",">3 kali seminggu","15 - 30 menit","Ya","","Ya","","Ya","","Ya","Tunai","Gopay;OVO","Ya","sdf","sdfsdf"
"2020/04/05 12:21:16 PM GMT","yy@gmail.com","","","Mahasiswa","Ya","Ya","<3 kali seminggu","<15 menit","Ya","gtw","Tidak","","Ya","Ya","Tidak","Tunai","OVO","Ya","gada","lelele"
"2020/04/06 11:41:55 AM GMT","vcikanindi@gmail.com","Perempuan","20-30 tahun","Mahasiswa","Ya","Ya",">3 kali seminggu","<15 menit","Ya","","Ya","","Tidak","","Ya","Non Tunai","Gopay","Ya","Fitur menu yang tersedia hari ini beserta harganya","Sebaiknya daftar menu makanan dilengkapi dan harga yang tercantum diperbarui jika ada perubahan harga"
"2020/04/06 12:37:08 PM GMT","izhdinillah@gmail.com","Perempuan","31-40 tahun","Dosen","Ya","Ya","<3 kali seminggu","<15 menit","Ya","","Ya","","Ya","Ya","Ya","Non Tunai","Gopay;OVO;DANA","Ya","Fitur history pemesanan/menu favorit","Detail menu dan harga mohon ditampilkan lebih jelas lagi"
"2020/04/07 8:16:14 AM GMT","pristizzz@gmail.com","Perempuan","<20 tahun","Mahasiswa","Ya","Ya","<3 kali seminggu",">30 menit","Tidak","antrian menjadi panjang karena makanan yang belum dibuat harus dipesan di tempat. hal ini menyebabkan menunggu menjadi lama dan harus menunggu di tempat juga, tidak bisa ditinggal karena akan terlewat jika nomor antriannya dipanggil.","Tidak","setau saya tidak bisa cashless.","Ya","Ya","Ya","Non Tunai","Gopay;OVO","Ya","memesan makanan yang belum dibuat dan langsung mendapatkan antrian, serta antrian diupdate secara real-time. sehingga tidak harus lama menunggu antrian di tempat.","sistem antrian yang digunakan seharusnya lebih efisien. untuk makanan yang belum dibuat, seharusnya ada cara untuk memesannya lewat aplikasi."
"2020/04/07 1:21:52 PM GMT","lut.zidan@gmail.com","Laki-laki","<20 tahun","Dosen","Ya","Ya","hanya sesekali","15 - 30 menit","Ya","","Tidak","Penghitungan biaya makanan dan minuman yang dipesan tidak efisien sehingga saya pernah mengalami salah hitung sehingga saya membayar double untuk makanan yang saya pesan.","Ya","Ya","Ya","Non Tunai","Gopay;OVO","Ya","mungkin bisafitur untuk menampilkan pengguna yang pergi ke kantin dan dri situ kita bisa menggunakan fitur titip ke pengguna tersebut","untuk saat ini masih belum ada"
"2020/04/07 3:49:40 PM GMT","ismail.a2803@gmail.com","Laki-laki","20-30 tahun","Mahasiswa","Ya","Ya","<3 kali seminggu","<15 menit","Ya","","Ya","","Tidak","","Ya","Non Tunai","Gopay","Ya","Tidak ada","Diberikan layar untuk menunjukkan pesanan yang telah siap, soalnya beberapa kali saya melihat penggunaan speaker agak kurang karena pemesan tidak mendengarkan pesanannya disebabkan sedang sibuk ngobrol"